Player_ID,Player Name,Country ,Position,Club,Age,Matches_Played,Goals,Assists,Minutes Played,Market Value,Height,Is_Captain,World_Cup_Year,Last Updated
7257,Weston McKennie,United States ,MF ,Juventus,20,7,0,0,,€84.0M,1.93 m,No,2014,2014-12-28
7106,Bruno Fernandes , Portugal,mf,Manchester United,38,2,0,4,98,€11.9M,1.73 m,FALSE,2022,01/10/2022
7298,Virgil van Dijk,Netherlands,df,Liverpool,19,4,2,1,256,Unknown,1.99 m,Yes,2022,2022-12-04
7388,Unai Simon,SPAIN,GK,Athletic Bilbao,0,4,0,0,188,€70.0M,182,No,2018,
7326,Lautaro Martinez,argentina,FW,Inter Milan,39,2,3,,92,€4.9M,170,TRUE,2022,2022-12-07
7361,Thiago Silva,brazil,df,Fluminense,,2,0,0,68,€44.3M,"1,81",N,2014,"Nov 10, 2014"
7401,Thomas Muller,Germany,FW,Bayern Munich,29,1,3,3,72,Unknown,192,No,2018,2018-11-21
7176,Joao Felix,Portugal,FW,Barcelona,,6,4,0,516,€42.1M,168,No,2014,2014-11-16
7355,Hugo Lloris,France,GK,LAFC,18,5,0,0,195,€18.8M,"1,80",N,2018,2018-12-26
7294,Weston McKennie,USA,MF,Juventus,25,4,?,1,140,€174.6M,?,FALSE,2018,2018-11-17
7306,Jeremy Doku,Belgium,FW,Manchester City,24,5,4,2,215,€75.8M,?,Y,2018,2018-12-25
7101,Robert Lewandowski,poland,FW,Barcelona,38,6,4,1,414,€119.4M,1.93 m,No,2022,26/10/2022
7094,Harry Maguire,England,Defender,Manchester United,,7,0,3,434,€158.8M,173,yes ,2018,bad_date
7406,Harry Maguire,ENGLAND,DF,Manchester United,34,5,0,2,130,€3.9M,171 cm,yes ,2014,2014-11-28
7347,Wataru Endo,japan,MF ,Liverpool,22,4,0,4,248,Unknown,?,No,2014,2014-10-26
7245,Sofyan Amrabat,Morocco ,mf,Manchester United,36,,1,0,130,€137.0M,182,No,2022,2022-11-22
7207,Virgil van Dijk, Netherlands,DF ,Liverpool,,1,0,1,31,€172.1M,185,yes ,2022,
7255,Neymar, Brazil,FW,Al Hilal,29,6,6,6,246,€100.6M,190,N,2018,09/12/2018
7157,Enzo Fernandez,Argentina,MF ,Chelsea,20,7,0,,336,€155.7M,174,Yes,2022,2022-10-18
7053,Enzo Fernandez,ARGENTINA,mf,Chelsea,36,7,1,1,357,€122.9M,188 cm,N,2018,2018-11-22
7079,Pedri,SPAIN,mf,Barcelona,38,1,3,1,88,€151.4M,1.70 m,FALSE,2022,03/12/2022
7305,Frenkie de Jong,netherlands,Midfielder,Barcelona,37,3,1,1,63,€111.4M,"1,86",Yes,2014,"Nov 15, 2014"
7049,Thibaut Courtois,belgium,GK ,Real Madrid,,3,1,1,156,€28.4M,1.89 m,No,2014,2014-12-26
7052,Yassine Bounou,Morocco ,GK,Al Hilal,37,6,0,3,144,€3.3M,197,yes ,2022,26/12/2022
7331,Pedri,spain,MF ,Barcelona,20,,3,3,128,€123.0M,192,Y,2022,2022-10-07
7345,Harry Maguire ,England,DF,Manchester United,23,5,-,2,325,€142.6M,180,No,2018,2018-10-05
7061,Neymar,brazil,FW ,Al Hilal,32,7,5,,392,€74.7M,188,N,2022,13/11/2022
7024,Thiago Silva, Brazil,DF,Fluminense,19,7,0,2,273,€71.4M,"1,99",TRUE,2022,2022-12-19
7195,Alvaro Morata,Spain,Forward,Atletico Madrid,,5,5,2,150,€4.6M,183,No,2018,2018-11-01
7370,Lautaro Martinez,ARGENTINA,fw,Inter Milan,,1,7,1,80,€72.4M,186,Yes,2022,10/10/2022
7287,Jamal Musiala,Germany,midfielder,Bayern Munich,34,7,N/A,0,490,Unknown,?,N,2018,2018-12-23
7244,Kylian Mbappe,FRANCE,Forward,Real Madrid,29,3,-,,114,€78.7M,197,Yes,2018,2018-11-25
7315,Cristiano Ronaldo,Portugal ,fw,Al Nassr,,7,4,3,511,€151.5M,1.85 m,yes ,2018,"Nov 5, 2018"
7197,Thomas Muller,Germany,fw,Bayern Munich,27,1,5,0,78,€64.8M,196,No,2014,2014-12-12
7188,Erling Haaland,Norway,FW ,Manchester City,21,1,3,1,87,€16.4M,169,No,2018,27/10/2018
7363,Leroy Sane,Germany ,Forward,Bayern Munich,25,4,3,0,224,€31.4M,177,No,2014,2014-11-21
7104,Alisson,Brazil,GK ,Liverpool,31,7,4,0,378,€16.4M,"1,82",Y,2014,2014-11-11
7056,Aurelien Tchouameni,FRANCE ,mf,Real Madrid,37,7,2,1,413,€24.2M,1.93 m,Yes,2014,17/12/2014
7411,Romelu Lukaku,Belgium,Forward,,26,5,4,2,400,€152.6M,171 cm,No,2022,13/11/2022
7137,Federico Valverde,Uruguay,MF,Real Madrid,19,4,2,1,248,€16.5M,"1,78",No,2018,06/11/2018
7096,Jamal Musiala,Germany,mf,Bayern Munich,22,4,1,1,292,€103.1M,170,No,2022,12/10/2022
7321,Aurelien Tchouameni,FRANCE,MF,,18,7,1,1,616,€160.4M,171,Yes,2014,2014-12-01
7080,Raphinha,Brazil,Forward,Barcelona,35,7,4,1,189,€12.4M,"1,84",N,2014,2014-10-24
7219,Manuel Neuer, Germany,GK,Bayern Munich,31,4,0,0,116,€166.2M,173,Yes,2018,"Nov 28, 2018"
7159,Raheem Sterling,ENGLAND,FW,Chelsea,26,1,6,3,59,€30.7M,175,No,2022,"Nov 23, 2022"
7174,Christian Pulisic,USA,forward,AC Milan,35,7,6,1,252,Unknown,187,Yes,2014,15/10/2014
7187,Achraf Hakimi,MOROCCO,DF,Paris Saint-Germain,34,,1,1,50,€24.4M,"1,96",No,2014,11/11/2014
7364,Antonio Rudiger,GERMANY,DF,Real Madrid,34,,N/A,2,228,€23.6M,1.71 m,Y,2014,"Nov 3, 2014"
7419,Federico Valverde,Uruguay,MF ,Real Madrid,35,3,1,1,138,€4.8M,1.93 m,TRUE,2018,bad_date
7175,Jeremy Doku,Belgium,FW ,Manchester City,220,3,5,2,249,€49.3M,1.82 m,yes ,2018,2018-12-22
7225,Darwin Nunez,Uruguay,FW ,Liverpool,31,3,2,0,132,€67.4M,165 cm,No,2022,2022-12-04
7252,Raphinha,Brazil ,fw,Barcelona,33,1,4,1,35,€23.2M,166,Yes,2014,
7190,Richarlison,Brazil,forward,Tottenham,29,5,2,0,300,€89.8M,192 cm,Y,2022,19/12/2022
7003,Thomas Muller,Germany,fw,Bayern Munich,29,3,4,2,144,€17.7M,185,No,2014,2014-12-23
7247,Kai Havertz,Germany ,FW ,Arsenal,36,7,3,,378,€11.5M,189,TRUE,2014,2014-11-27
7045,Richarlison ,brazil,FW,Tottenham,32,6,4,2,450,€162.3M,178,No,2018,2018-11-13
7073,Raphinha,Brazil,FW,Barcelona,32,1,3,2,61,€25.0M,199,Y,2014,28/12/2014
7389,Achraf Hakimi,morocco,df,Paris Saint-Germain,32,3,0,0,177,€34.4M,1.92 m,Yes,2022,"Nov 20, 2022"
7050,Dani Olmo, Spain,Midfielder,RB Leipzig,19,4,0,2,312,€21.1M,1.90 m,N,2014,"Nov 24, 2014"
7420,Kevin De Bruyne ,Belgium,Midfielder,,26,3,0,1,225,€66.2M,?,Yes,2014,"Nov 19, 2014"
7402,Richarlison,BRAZIL,FW,Tottenham,39,6,0,1,264,€101.2M,1.94 m,Y,2018,2018-10-16
7371,Hugo Lloris, France,GK,LAFC,19,6,0,0,294,€176.8M,"1,73",N,2014,08/11/2014
7333,Jordan Pickford, England,goalkeeper,Everton,36,6,0,0,378,€10.5M,190,No,2014,
7085,Jude Bellingham,England,mf,Real Madrid,38,,3,2,141,€13.0M,?,No,2014,25/11/2014
7170,Takefusa Kubo,Japan,FW ,,23,7,2,0,168,€10.3M,190,N,2014,2014-10-17
7200,Jamal Musiala,GERMANY,mf,Bayern Munich,,3,1,0,147,€15.7M,195,yes ,2018,2018-12-12
7065,Ferran Torres,Spain,FW,Barcelona,35,1,0,1,83,€104.3M,170,N,2022,N/A
7263,Bernardo Silva,PORTUGAL,mf,Manchester City,27,3,1,1,72,€39.1M,1.76 m,No,2018,
7042,Ronald Araujo,Uruguay,DF ,Barcelona,22,5,2,0,335,€88.4M,?,TRUE,2018,2018-10-21
7010,Denzel Dumfries,NETHERLANDS,DF,Inter Milan,35,4,0,0,348,Unknown,"1,69",No,2018,2018-12-08
7358,Rodri,spain,midfielder,Manchester City,29,6,1,0,,€24.3M,171,FALSE,2018,10/12/2018
7284,Marcelo Brozovic,CROATIA ,midfielder,Al Nassr,31,7,3,1,196,€87.2M,?,Y,2014,25/12/2014
7211,Rodrigo De Paul,argentina,MF ,Atletico Madrid,20,4,0,2,92,€83.3M,198,Y,2018,2018-10-27
7139,Enzo Fernandez,Argentina,Midfielder,Chelsea,32,3,1,0,213,€2.4M,197,Y,2018,26/10/2018
7223,Ousmane Dembele,france,fw,Paris Saint-Germain,,6,3,0,234,€72.7M,"1,93",No,2022,2022-12-27
7018,Rodri ,spain,Midfielder,Manchester City,25,7,1,1,483,€13.4M,"1,71",No,2014,2014-12-17
7178,Theo Hernandez,FRANCE,Defender,AC Milan,28,7,0,1,532,€149.7M,191,No,2022,2022-10-22
7314,Ronald Araujo,Uruguay,DF,,27,1,0,2,49,€116.9M,"1,94",TRUE,2018,2018-10-11
7400,Vinicius Junior,brazil,fw,Real Madrid,18,6,0,0,246,€72.0M,"1,96",FALSE,2014,2014-11-09
7404,Hakim Ziyech,morocco,mf,Galatasaray,26,1,3,3,32,€22.5M,185 cm,No,2014,07/11/2014
7249,Thiago Silva,Brazil ,DF,Fluminense,,5,2,1,130,€172.4M,"1,76",yes ,2018,18/11/2018
7270,Kevin De Bruyne,Belgium ,mf,Manchester City,24,2,3,4,146,€75.5M,193 cm,Y,2014,21/11/2014
7015,Manuel Neuer,Germany,GK ,,33,7,-5,2,385,€141.5M,166,Yes,2014,2014-11-02
7224,Ferran Torres,spain,FW,Barcelona,26,6,4,1,228,€50.4M,?,Yes,2014,bad_date
7250,Gavi, Spain,mf,Barcelona,27,7,1,3,280,€4.4M,198 cm,FALSE,2022,26/10/2022
7325,Nicolas Otamendi ,Argentina,defender,Benfica,33,3,0,1,75,€88.4M,179 cm,Y,2014,2014-10-18
7417,Emiliano Martinez,Argentina ,gk,Aston Villa,19,4,0,0,108,€26.4M,1.99 m,No,2022,"Nov 8, 2022"
7208,Kylian Mbappe,France,FW,Real Madrid,,,1,1,230,€89.9M,178,No,2022,09/10/2022
7301,Declan Rice,england,MF,Arsenal,,6,3,4,120,€77.5M,196,No,2022,19/12/2022
7140,Manuel Neuer,GERMANY,GK,Bayern Munich,35,3,N/A,0,63,€66.3M,173,No,2022,2022-12-04
7356,Richarlison,BRAZIL,fw,Tottenham,34,6,3,1,,€105.6M,179,N,2022,2022-12-14
7107,Unai Simon ,Spain,gk,Athletic Bilbao,31,7,0,0,266,€3.6M,1.78 m,No,2014,"Nov 20, 2014"
7048,Antonio Rudiger, Germany,df,Real Madrid,38,2,1,0,78,€63.2M,1.92 m,TRUE,2014,2014-10-25
7102,Raheem Sterling,England,forward,Chelsea,25,3,3,1,75,-,180,No,2014,2014-11-28
7328,Darwin Nunez,Uruguay,fw,Liverpool,23,5,3,3,,€70.8M,188,Yes,2014,19/10/2014
7001,Robert Lewandowski,Poland ,forward,,26,1,4,2,89,€11.6M,"1,75",Y,2014,2014-10-25
7238,Lionel Messi, Argentina,FW,Inter Miami,19,1,6,1,72,€95.5M,1.66 m,Yes,2018,2018-11-28
7069,Luka Modric,Croatia,MF ,Real Madrid,32,3,2,2,120,€56.0M,?,FALSE,2014,2014-10-07
7070,Son Heung-min,South Korea,Forward,Tottenham,19,1,3,3,44,€40.2M,182 cm,yes ,2018,04/10/2018
7006,Wataru Endo,JAPAN,MF ,,29,2,2,0,54,€69.5M,?,FALSE,2014,05/12/2014
7223,Ousmane Dembele,france,fw,Paris Saint-Germain,,6,3,0,234,€72.7M,"1,93",No,2022,2022-12-27
7216,Luka Modric,CROATIA,MF ,Real Madrid,31,5,2,2,250,€148.7M,196,yes ,2018,2018-12-04
7118,Tyler Adams,United States,mf,Bournemouth,36,1,0,0,75,€63.5M,187,No,2022,2022-11-05
7268,Erling Haaland,norway,FW,Manchester City,30,1,4,3,60,€12.4M,"1,85",No,2014,2014-11-06
7366,Ilkay Gundogan,germany,mf,Barcelona,21,6,0,2,,€5.5M,174 cm,Yes,2022,2022-11-12
7071,Alisson, Brazil,gk,,28,3,0,0,255,€85.2M,1.84 m,FALSE,2018,"Nov 18, 2018"
7286,Alisson, Brazil,GK,Liverpool,29,6,0,0,402,€18.4M,198,No,2014,2014-11-14
7320,Cody Gakpo,Netherlands,Forward,Liverpool,24,3,2,,111,-,"1,80",TRUE,2014,2014-11-27
7201,Ngolo Kante,France,MF ,Al Ittihad,33,4,N/A,2,304,€54.3M,192,No,2018,27/11/2018
7282,Rodrigo De Paul,Argentina,MF ,Atletico Madrid,,4,0,1,292,€134.7M,192,Yes,2018,16/11/2018
7086,Harry Kane,England ,FW,Bayern Munich,24,5,3,2,400,€42.4M,"1,79",No,2022,2022-12-19
7380,Mateo Kovacic,Croatia,midfielder,Manchester City,23,5,3,1,300,€82.8M,"1,72",Yes,2018,2018-12-24
7302,Wataru Endo,Japan,MF,Liverpool,20,2,0,,176,€16.1M,168 cm,Y,2022,2022-11-09
7097,Erling Haaland,Norway,Forward,,36,1,6,1,48,€152.7M,174,No,2022,2022-11-14
7078,Christian Pulisic,United States,fw,AC Milan,31,4,3,1,84,-,184,Yes,2022,2022-12-25
7220,Denzel Dumfries, Netherlands,DF ,Inter Milan,,5,0,0,270,€11.4M,188,TRUE,2022,bad_date
7264,Emiliano Martinez,Argentina,GK,Aston Villa,20,7,0,1,588,€159.5M,170,No,2014,11/11/2014
7126,Achraf Hakimi ,Morocco ,DF,Paris Saint-Germain,35,6,0,2,486,€21.8M,195 cm,Yes,2022,"Nov 16, 2022"
7114,Raheem Sterling,England,FW,Chelsea,27,7,3,1,161,€7.4M,"1,65",N,2022,"Nov 24, 2022"
7029,Pedri,spain,MF,Barcelona,19,5,0,,400,€144.8M,"1,69",Yes,2022,"Nov 21, 2022"
7057,Kai Havertz,Germany,forward,Arsenal,24,7,4,1,378,€12.3M,179 cm,Y,2014,
7243,Frenkie de Jong,Netherlands ,MF,Barcelona,,3,3,3,120,€176.8M,174,No,2018,2018-11-19
7236,Jamal Musiala,Germany,Midfielder,Bayern Munich,25,4,-,2,180,€22.2M,1.94 m,No,2014,08/11/2014
7147,Lionel Messi,ARGENTINA,fw,Inter Miami,38,3,5,1,132,€4.8M,"1,71",No,2018,N/A
7309,Cristiano Ronaldo,Portugal,FW,Al Nassr,29,5,4,,160,€2.5M,178,No,2022,2022-11-22
7164,Thiago Silva,brazil,df,Fluminense,,,1,0,170,€60.1M,?,yes ,2022,N/A
7307,Olivier Giroud,France,fw,LAFC,27,4,2,,180,€16.7M,1.94 m,Y,2014,"Nov 19, 2014"
7089,Alisson, Brazil,Goalkeeper,Liverpool,25,2,0,1,60,€17.0M,1.89 m,No,2022,23/10/2022
7206,Lautaro Martinez,Argentina,FW ,Inter Milan,,2,3,1,84,-,184,N,2014,"Nov 25, 2014"
7230,Casemiro,Brazil ,mf,Manchester United,24,4,2,2,88,€2.9M,178 cm,Yes,2022,2022-12-28
7160,Erling Haaland, Norway,FW ,Manchester City,29,3,5,3,111,Unknown,169 cm,FALSE,2018,27/12/2018
7413,Marquinhos, Brazil,Defender,Paris Saint-Germain,38,1,N/A,0,87,€78.3M,1.87 m,FALSE,2022,"Nov 26, 2022"
7054,Takefusa Kubo,japan,FW,Real Sociedad,38,7,3,1,266,€138.7M,170,N,2014,11/10/2014
7011,Son Heung-min,korea republic,Forward,Tottenham,37,1,6,2,78,€72.0M,181,Y,2022,"Nov 8, 2022"
7322,Lautaro Martinez , Argentina,FW,Inter Milan,24,7,5,1,287,€23.1M,1.77 m,FALSE,2018,2018-11-04
7154,Antonio Rudiger,Germany,DF,Real Madrid,25,3,2,0,192,€133.6M,"1,67",Y,2014,2014-10-13
7082,Federico Valverde,Uruguay,Midfielder,Real Madrid,25,6,3,0,204,€2.7M,169,No,2014,2014-12-23
7099,Luka Modric,Croatia,MF,Real Madrid,30,,1,1,196,€76.0M,194,Yes,2014,"Nov 17, 2014"
7259,Ferran Torres,Spain,Forward,,18,5,4,0,140,€80.4M,"1,94",N,2022,14/11/2022
7232,Neymar,Brazil,forward,Al Hilal,28,4,5,0,248,€3.5M,175,yes ,2014,2014-10-26
7110,Leroy Sane,Germany,forward,Bayern Munich,38,3,3,0,117,€136.1M,169,N,2022,28/10/2022
7153,Kylian Mbappe ,France,forward,Real Madrid,26,5,5,2,450,€10.2M,198,FALSE,2014,2014-12-18
7135,Rafael Leao ,Portugal ,FW ,AC Milan,37,7,2,2,308,€142.4M,1.87 m,No,2014,"Nov 18, 2014"
7344,Marcelo Brozovic,croatia,MF,Al Nassr,36,5,0,,300,-,181 cm,No,2014,2014-10-17
7318,Bruno Fernandes,Portugal,MF,Manchester United,39,6,0,2,150,€40.2M,184,No,2022,2022-10-20
7231,Darwin Nunez,URUGUAY,FW,Liverpool,36,6,4,,354,Unknown,171,yes ,2014,"Nov 8, 2014"
7222,Rodri,Spain,midfielder,Manchester City,27,3,1,,69,€25.8M,182,Yes,2018,2018-10-20
7398,Manuel Neuer,Germany ,Goalkeeper,Bayern Munich,24,4,0,1,96,€36.7M,190,No,2022,2022-12-09
7265,Son Heung-min,korea republic,forward,Tottenham,25,4,5,1,204,€81.6M,188 cm,No,2022,20/10/2022
7025,Jordan Pickford,England ,GK,Everton,,7,0,0,371,€81.6M,?,No,2018,2018-11-16
7072,Marcelo Brozovic, Croatia,MF ,Al Nassr,27,5,1,2,245,€80.5M,189,Yes,2022,2022-12-23
7166,Jeremy Doku,Belgium,FW,Manchester City,31,6,5,0,534,€153.0M,191,No,2022,14/10/2022
7403,Olivier Giroud,France ,fw,LAFC,22,6,2,1,492,Unknown,173,Yes,2018,"Nov 17, 2018"
7046,Kai Havertz,Germany,fw,Arsenal,28,1,1,2,27,€15.5M,192 cm,No,2022,N/A
7113,Achraf Hakimi,morocco,df,Paris Saint-Germain,38,6,0,1,150,€24.8M,184,FALSE,2022,2022-11-07
7407,Nicolas Otamendi,Argentina ,DF,Benfica,36,6,N/A,0,120,Unknown,1.72 m,No,2014,2014-11-01
7098,Casemiro, Brazil,mf,Manchester United,22,7,1,,154,€21.5M,1.80 m,FALSE,2014,2014-12-14
7217,Frenkie de Jong, Netherlands,Midfielder,Barcelona,30,3,2,2,60,€66.3M,193,Yes,2014,"Nov 10, 2014"
7354,Bruno Fernandes,PORTUGAL,mf,Manchester United,27,2,3,2,72,€165.8M,189,No,2014,"Nov 5, 2014"
7299,Antoine Griezmann,France,FW,Atletico Madrid,26,5,4,1,305,€9.9M,1.73 m,No,2022,01/10/2022
7182,Bukayo Saka,England,FW ,Arsenal,38,4,4,4,228,€114.3M,177,No,2014,2014-12-01
7002,Unai Simon,Spain,goalkeeper,Athletic Bilbao,30,1,2,1,66,€15.3M,170 cm,No,2014,2014-11-21
7039,Joao Felix,Portugal,FW,Barcelona,29,7,4,,168,€71.3M,191,No,2022,"Nov 12, 2022"
7348,Thiago Silva,Brazil ,DF ,Fluminense,27,,0,0,215,€176.2M,1.90 m,No,2014,2014-12-17
7131,Alisson, Brazil,GK,Liverpool,27,2,1,0,134,€56.1M,190,FALSE,2014,"Nov 1, 2014"
7273,Jeremy Doku,Belgium,FW,Manchester City,,4,1,5,,Unknown,?,FALSE,2018,2018-11-04
7218,Yassine Bounou,Morocco,goalkeeper,Al Hilal,31,3,0,0,60,€77.5M,180,yes ,2022,2022-11-23
7035,Enzo Fernandez,Argentina,MF,Chelsea,,6,1,0,456,€4.3M,174,Yes,2018,2018-12-13
7123,Diogo Costa,PORTUGAL,GK,Porto,23,5,0,1,300,-,196,No,2022,2022-11-06
7075,Ferran Torres,Spain ,FW ,Barcelona,26,6,3,,288,€109.6M,173,FALSE,2018,bad_date
7386,Ronald Araujo,URUGUAY ,df,Barcelona,30,5,3,1,340,€19.7M,171,yes ,2014,2014-10-10
7116,Rafael Leao, Portugal,FW ,AC Milan,28,3,5,1,231,€12.7M,194,No,2018,2018-12-10
7221,Olivier Giroud,FRANCE,FW,LAFC,34,6,8,1,534,€41.9M,1.65 m,FALSE,2022,"Nov 19, 2022"
7227,Denzel Dumfries,Netherlands,DF ,Inter Milan,31,7,0,0,294,€171.4M,196,FALSE,2018,07/12/2018
7253,Dani Olmo ,Spain,MF,RB Leipzig,34,7,2,0,140,€85.7M,195,yes ,2014,2014-12-04
7193,Thiago Silva,BRAZIL,defender,Fluminense,38,6,3,0,420,€24.3M,"1,83",No,2014,2014-10-16
7280,Wataru Endo,Japan,Midfielder,Liverpool,27,,0,0,,€85.1M,180,Yes,2022,"Nov 18, 2022"
7012,Joshua Kimmich,Germany,mf,Bayern Munich,32,2,3,0,68,€72.0M,186,Yes,2018,"Nov 17, 2018"
7028,Frenkie de Jong ,Netherlands ,midfielder,Barcelona,19,2,1,4,102,€132.8M,198,TRUE,2018,2018-12-14
7399,Kevin De Bruyne,BELGIUM,midfielder,Manchester City,24,2,1,2,120,€31.7M,"1,65",N,2014,2014-10-09
7235,Bernardo Silva,PORTUGAL,midfielder,Manchester City,,3,0,0,228,€83.9M,"1,79",Y,2018,2018-10-24
7416,Christian Pulisic,USA,Forward,AC Milan,19,7,3,2,448,Unknown,168,No,2022,2022-11-22
7386,Ronald Araujo,Uruguay,df,Barcelona,30,5,3,1,340,€19.7M,171,yes ,2014,2014-10-10
7087,Kai Havertz,Germany,FW,Arsenal,24,2,3,3,82,€76.8M,?,No,2018,2018-10-27
7214,Marquinhos, Brazil,Defender,Paris Saint-Germain,23,4,0,0,316,€156.3M,194,Yes,2018,15/11/2018
7362,Alvaro Morata,Spain,forward,Atletico Madrid,18,6,4,1,408,€135.1M,193,Yes,2014,2014-12-26
7376,Neymar,Brazil,FW,Al Hilal,29,5,3,2,410,€108.1M,173,FALSE,2018,"Nov 11, 2018"
7062,Ngolo Kante , France,Midfielder,Al Ittihad,33,6,0,3,342,€111.1M,193,Y,2018,14/11/2018
7143,Joshua Kimmich,Germany,MF,Bayern Munich,21,2,0,3,80,€117.9M,1.76 m,Y,2018,28/12/2018
7179,Jude Bellingham,England ,mf,Real Madrid,20,6,2,3,180,€17.1M,1.93 m,No,2022,2022-10-01
7103,Marquinhos, Brazil,DF,Paris Saint-Germain,21,7,1,0,189,€15.1M,183,Yes,2018,N/A
7205,Cody Gakpo,netherlands,Forward,Liverpool,23,,4,2,480,€12.4M,1.82 m,FALSE,2018,"Nov 7, 2018"
7091,Leroy Sane,Germany ,Forward,Bayern Munich,23,3,2,1,192,€50.6M,?,Y,2014,2014-11-26
7300,Ousmane Dembele,FRANCE,fw,Paris Saint-Germain,33,5,4,0,325,€10.9M,?,TRUE,2018,2018-12-01
7274,Olivier Giroud,France,forward,LAFC,20,3,4,,129,-,186,Yes,2014,bad_date
7418,Nicolas Otamendi,Argentina,DF,Benfica,22,1,0,1,89,€6.7M,?,FALSE,2014,2014-12-08
7343,Erling Haaland,Norway,FW,Manchester City,25,5,6,2,160,€163.5M,166,FALSE,2022,"Nov 17, 2022"
7034,Neymar ,Brazil,FW,Al Hilal,31,7,2,3,434,€58.0M,1.80 m,No,2018,"Nov 14, 2018"
7387,Bukayo Saka,England ,fw,Arsenal,20,1,2,2,60,Unknown,"1,76",Yes,2014,02/10/2014
7383,Kevin De Bruyne,BELGIUM,MF ,Manchester City,37,7,2,1,560,€44.5M,190,Y,2022,"Nov 17, 2022"
7296,Theo Hernandez,FRANCE,DF,AC Milan,,2,0,1,144,Unknown,"1,80",yes ,2018,2018-12-25
7405,Antoine Griezmann,France ,Forward,Atletico Madrid,24,5,3,2,325,€49.9M,?,N,2018,2018-10-20
7295,Emiliano Martinez,Argentina,GK,Aston Villa,35,6,0,0,,Unknown,198,Yes,2014,2014-10-18
7342,Unai Simon,spain,goalkeeper,Athletic Bilbao,22,4,N/A,0,124,€80.5M,193,No,2022,2022-10-16
7385,Sofyan Amrabat,MOROCCO,MF ,Manchester United,38,2,0,3,106,-,192,yes ,2018,2018-12-23
7359,Ivan Perisic,Croatia,FW,Hajduk Split,22,5,5,2,375,€171.8M,1.75 m,No,2014,2014-12-02
7324,Ilkay Gundogan,Germany,Midfielder,Barcelona,22,7,0,3,343,€13.6M,172,N,2022,20/10/2022
7337,Rodri,Spain,MF,Manchester City,37,5,3,2,285,€4.0M,1.72 m,No,2014,"Nov 13, 2014"
7183,Ngolo Kante,France ,Midfielder,Al Ittihad,26,3,N/A,2,186,€72.5M,1.69 m,No,2014,2014-11-27
7148,Kim Min-jae,South Korea ,Defender,Bayern Munich,32,7,9,1,294,€106.5M,1.85 m,N,2014,2014-12-23
7348,Thiago Silva,Brazil ,DF ,Fluminense,27,,6,0,215,€176.2M,1.90 m,No,2014,2014-12-17
7374,Alisson,BRAZIL,gk,Liverpool,22,7,2,0,329,€20.6M,1.97 m,yes ,2022,25/11/2022
7340,Leroy Sane,Germany,FW,Bayern Munich,39,7,-,1,308,€58.4M,168 cm,Yes,2018,2018-10-19
7229,Mateo Kovacic,Croatia,MF,Manchester City,35,5,3,1,285,€32.4M,"1,84",No,2014,12/11/2014
7043,Robert Lewandowski,POLAND,FW,Barcelona,19,1,4,1,20,€178.5M,176,No,2022,2022-11-26
7004,Gavi,spain,midfielder,Barcelona,33,6,0,3,222,€13.7M,"1,75",N,2014,13/11/2014
7346,Wataru Endo ,japan,Midfielder,Liverpool,36,2,1,2,76,€147.9M,"1,77",yes ,2022,27/12/2022
7047,Pedri, Spain,midfielder,Barcelona,36,1,1,1,23,€16.0M,?,Y,2018,2018-10-19
7051,Unai Simon,Spain,Goalkeeper,Athletic Bilbao,23,3,2,0,126,€15.9M,1.96 m,yes ,2014,15/12/2014
7198,Dani Olmo ,spain,Midfielder,RB Leipzig,25,3,6,1,189,€66.0M,179,yes ,2022,2022-11-20
7199,Rodri,Spain,MF ,Manchester City,22,5,8,2,190,€17.1M,172,No,2018,25/11/2018
7127,Marcelo Brozovic,croatia,mf,Al Nassr,20,3,1,0,96,€125.0M,168 cm,FALSE,2022,2022-12-22
7148,Kim Min-jae,South Korea ,Defender,Bayern Munich,32,7,0,1,294,€106.5M,1.85 m,N,2014,2014-12-23
7038,Ferran Torres,Spain,FW,Barcelona,38,3,6,1,66,€92.9M,168 cm,TRUE,2022,"Nov 10, 2022"
7130,Bukayo Saka,England,FW,Arsenal,33,6,2,1,,€38.8M,184,TRUE,2018,"Nov 22, 2018"
7251,Kai Havertz, Germany,FW,Arsenal,21,1,5,0,23,€75.4M,179,No,2018,2018-10-14
7030,Kim Min-jae,SOUTH KOREA ,df,Bayern Munich,24,7,0,1,406,€86.0M,167 cm,Y,2022,01/10/2022
7021,Harry Maguire,England ,DF ,Manchester United,31,7,0,0,553,€88.7M,166,N,2018,2018-11-06
7031,Joao Felix,Portugal ,FW,Barcelona,36,7,3,1,525,€54.4M,"1,85",No,2022,2022-12-16
7081,Ruben Dias ,Portugal,DF,Manchester City,19,1,0,1,73,€82.4M,199,Y,2022,2022-12-13
7088,Lautaro Martinez ,Argentina ,Forward,Inter Milan,22,4,4,1,80,€62.0M,183,Yes,2014,2014-10-04
7319,Memphis Depay,netherlands,FW,Atletico Madrid,39,4,4,3,188,€22.9M,"1,69",FALSE,2018,11/11/2018
7204,Aurelien Tchouameni ,France,MF,Real Madrid,21,6,4,3,,€5.9M,174,No,2022,2022-11-24
7067,Ferran Torres,spain,forward,Barcelona,20,3,3,3,189,-,"1,81",yes ,2022,2022-12-01
7156,Memphis Depay,NETHERLANDS,fw,Atletico Madrid,20,7,3,1,483,€48.3M,199,yes ,2022,2022-12-19
7036,Mohamed Salah,Egypt,FW,Liverpool,,7,5,0,343,€71.8M,171,Yes,2014,"Nov 2, 2014"
7171,Angel Di Maria,Argentina,Forward,Benfica,20,6,5,1,120,€8.0M,?,FALSE,2022,N/A
7150,Romelu Lukaku,Belgium ,FW,Roma,38,6,3,2,126,Unknown,"1,82",No,2022,N/A
7415,Romelu Lukaku,Belgium,FW ,,37,4,6,2,148,€99.6M,168,No,2018,"Nov 19, 2018"
7384,Phil Foden,ENGLAND,MF,,,6,0,4,360,€9.7M,190,Yes,2018,2018-10-26
7233,Tyler Adams,USA,MF ,Bournemouth,23,4,N/A,2,216,€172.6M,"1,76",yes ,2022,N/A
7199,Rodri,Spain,MF ,Manchester City,22,5,2,2,190,€17.1M,172,No,2018,25/11/2018
7375,Cody Gakpo,Netherlands,Forward,Liverpool,27,3,1,3,249,€21.0M,1.70 m,TRUE,2014,2014-11-06
7275,Leroy Sane,Germany,Forward,Bayern Munich,21,,4,1,385,€148.1M,168 cm,Yes,2018,2018-10-24
7392,Bruno Fernandes,PORTUGAL,MF ,Manchester United,33,7,0,2,140,Unknown,199 cm,No,2014,2014-10-03
7373,Cristiano Ronaldo,PORTUGAL,FW,Al Nassr,,2,5,1,112,€55.0M,"1,73",No,2022,2022-12-17
7256,Son Heung-min,South Korea ,fw,Tottenham,38,3,5,1,69,Unknown,176,Yes,2022,2022-11-20
7212,Jeremy Doku,BELGIUM,FW,Manchester City,24,2,3,0,,€97.5M,178,No,2022,2022-12-11
7146,Mohamed Salah,Egypt,FW,Liverpool,30,1,N/A,2,26,€99.8M,"1,88",No,2014,2014-12-08
7367,Richarlison,Brazil,FW,Tottenham,39,4,3,2,324,€111.3M,170,No,2018,2018-11-12
7108,Frenkie de Jong, Netherlands,MF,Barcelona,21,1,2,2,56,€161.7M,1.78 m,FALSE,2014,2014-11-10
7202,Gavi,Spain ,Midfielder,Barcelona,,5,0,1,125,€14.8M,193,Yes,2018,10/11/2018
7288,Achraf Hakimi,Morocco,DF,Paris Saint-Germain,28,6,1,0,384,€22.4M,170,Y,2018,2018-12-24
7357,Erling Haaland,norway,fw,,,3,3,3,96,€37.7M,"1,71",Yes,2014,28/10/2014
7155,Jude Bellingham,England ,Midfielder,Real Madrid,27,6,3,2,528,€85.3M,192 cm,No,2022,2022-12-24
7248,Son Heung-min,KOREA REPUBLIC,FW,Tottenham,35,4,3,1,,€176.5M,1.95 m,Yes,2018,16/12/2018
7319,Memphis Depay,netherlands,FW,Atletico Madrid,39,4,4,3,188,€22.9M,"1,69",FALSE,2018,11/11/2018
7289,Kylian Mbappe,France,fw,Real Madrid,27,5,4,3,370,€27.7M,197,No,2022,04/11/2022
7341,Antoine Griezmann,France,fw,Atletico Madrid,33,6,3,2,444,€31.8M,?,No,2018,N/A
7290,Harry Maguire,England ,DF,Manchester United,18,6,0,2,222,€56.4M,177 cm,Y,2022,2022-10-23
7279,Casemiro,Brazil,Midfielder,Manchester United,27,6,0,3,318,€22.0M,165,TRUE,2018,2018-11-28
7381,Lionel Messi ,Argentina,fw,Inter Miami,22,7,2,0,308,Unknown,1.84 m,No,2018,21/11/2018
7332,Marcelo Brozovic ,croatia,MF,Al Nassr,21,5,0,2,205,€3.8M,1.80 m,Yes,2014,01/10/2014
7124,Robert Lewandowski,poland,fw,Barcelona,39,,1,0,287,€105.4M,"1,95",yes ,2014,22/10/2014
7060,Romelu Lukaku,belgium,fw,Roma,18,5,2,2,310,€100.6M,?,TRUE,2022,26/10/2022
7162,Yassine Bounou,Morocco ,gk,Al Hilal,,7,0,0,560,€64.8M,1.98 m,Yes,2022,"Nov 9, 2022"
7234,Harry Maguire,England,DF,Manchester United,18,4,0,0,104,€75.8M,"1,75",No,2018,2018-11-10
7119,Rodrigo De Paul,ARGENTINA,MF ,Atletico Madrid,37,5,2,3,445,€89.3M,196,yes ,2022,2022-11-09
7409,Raheem Sterling,ENGLAND,Forward,Chelsea,,1,1,2,,€167.2M,?,TRUE,2022,"Nov 15, 2022"
7272,Joshua Kimmich,Germany,mf,Bayern Munich,19,5,0,1,,€160.2M,192,Yes,2014,25/11/2014
7169,Aurelien Tchouameni,France,mf,Real Madrid,,2,0,2,150,Unknown,?,N,2014,17/11/2014
7125,Aurelien Tchouameni ,FRANCE,Midfielder,Real Madrid,19,1,1,3,81,€138.4M,175,Y,2018,2018-10-14
7310,Theo Hernandez,France,DF,AC Milan,37,7,3,0,357,€130.5M,174,No,2022,09/10/2022
7100,Robert Lewandowski,Poland,FW,Barcelona,30,5,2,0,175,€7.5M,1.91 m,yes ,2018,2018-10-16
7408,Romelu Lukaku,belgium,FW,Roma,19,4,5,1,152,€158.2M,"1,97",FALSE,2018,2018-11-10
7349,Hugo Lloris, France,GK,LAFC,22,2,?,1,158,€111.3M,179,No,2022,
7353,Antonio Rudiger, Germany,DF,,21,1,0,1,66,€11.9M,193,Y,2018,01/11/2018
7267,Rodrigo De Paul,Argentina,MF,Atletico Madrid,20,7,3,0,455,€71.0M,"1,66",Yes,2018,21/11/2018
7269,Leroy Sane,Germany,FW,Bayern Munich,36,7,4,5,518,€15.8M,172,FALSE,2018,2018-11-27
7242,Olivier Giroud,France ,fw,LAFC,24,2,1,1,98,€100.3M,1.85 m,Yes,2018,27/12/2018
7027,Ngolo Kante,France,MF,Al Ittihad,33,2,1,3,50,€24.4M,196,No,2014,16/11/2014
7271,Casemiro, Brazil,Midfielder,Manchester United,22,4,4,,320,€172.7M,167,FALSE,2014,10/11/2014
7063,Robert Lewandowski,Poland,fw,Barcelona,39,,3,1,66,€10.3M,188,No,2014,17/11/2014
7276,Vinicius Junior, Brazil,fw,Real Madrid,30,5,5,2,195,€54.4M,173,No,2022,"Nov 17, 2022"
7215,Joao Felix,portugal,FW,Barcelona,37,2,3,3,82,-,171,Yes,2014,2014-11-18
7281,Cristiano Ronaldo,Portugal,Forward,Al Nassr,,3,5,3,210,€135.6M,191 cm,yes ,2014,18/11/2014
7258,Harry Maguire,England ,Defender,Manchester United,33,2,0,1,54,€176.5M,183,No,2022,05/11/2022
7115,Pedri,SPAIN,MF ,,34,2,3,1,156,€24.4M,190,yes ,2014,2014-12-05
7329,Jamal Musiala,Germany,MF,Bayern Munich,30,1,2,1,69,€23.3M,1.88 m,Yes,2014,2014-12-21
7378,Luka Modric,croatia,MF ,Real Madrid,23,1,1,0,55,€12.5M,1.85 m,yes ,2014,02/11/2014
7414,Neymar,BRAZIL ,fw,Al Hilal,38,4,3,2,208,€11.0M,1.69 m,No,2018,"Nov 20, 2018"
7304,Julian Alvarez,ARGENTINA,FW ,Manchester City,,4,2,0,304,€19.6M,167,No,2018,"Nov 2, 2018"
7017,Alvaro Morata,Spain,fw,Atletico Madrid,27,6,3,1,366,€51.0M,"1,75",Yes,2018,2018-12-20
7194,Sofyan Amrabat,MOROCCO,mf,Manchester United,35,1,1,2,87,€25.0M,170,N,2022,2022-11-07
7111,Nicolas Otamendi,Argentina,df,Benfica,199,1,?,2,53,€28.9M,"1,72",No,2014,2014-11-09
7177,Tyler Adams,UNITED STATES,MF,Bournemouth,28,4,1,3,224,€118.5M,170,Yes,2014,2014-10-28
7261,Harry Maguire,England,DF ,Manchester United,25,4,0,0,232,€41.0M,190,FALSE,2022,2022-12-06
7330,Olivier Giroud,France,fw,LAFC,32,5,4,1,150,€33.2M,1.84 m,FALSE,2018,13/12/2018
7374,Alisson,BRAZIL,gk,Liverpool,22,7,2,0,329,€20.6M,1.97 m,yes ,2022,25/11/2022
7109,Erling Haaland,Norway ,FW,Manchester City,25,7,3,2,462,Unknown,169,No,2014,2014-10-26
7055,Federico Valverde,uruguay,MF,Real Madrid,39,6,0,2,192,Unknown,186 cm,yes ,2014,2014-11-05
7014,Thomas Muller,Germany,FW,Bayern Munich,24,3,3,0,126,€21.7M,191 cm,No,2014,2014-12-04
7303,Thiago Silva,brazil,Defender,Fluminense,,5,?,1,115,€24.8M,177,Yes,2022,2022-12-04
7077,Rodrigo De Paul,Argentina,midfielder,Atletico Madrid,36,3,0,0,186,Unknown,"1,86",yes ,2014,07/10/2014
7149,Harry Kane,England,FW,Bayern Munich,28,4,5,1,188,€63.7M,?,Yes,2018,bad_date
7397,Theo Hernandez,france,DF,AC Milan,,3,0,0,270,€78.1M,186,Yes,2022,2022-10-21
7189,Luka Modric,Croatia,MF,Real Madrid,,1,0,0,86,€4.2M,1.80 m,No,2022,18/11/2022
7083,Lautaro Martinez,ARGENTINA,forward,Inter Milan,19,6,3,2,366,€178.3M,184,FALSE,2014,N/A
7016,Richarlison, Brazil,forward,Tottenham,29,,3,0,180,€24.9M,"1,72",Yes,2022,2022-12-14
7151,Jude Bellingham ,England,mf,Real Madrid,19,7,1,0,350,€143.5M,189,Yes,2014,2014-12-02
7241,Virgil van Dijk,Netherlands ,defender,Liverpool,20,1,0,2,28,€81.9M,?,No,2018,2018-11-04
7192,Dani Olmo,SPAIN,Midfielder,RB Leipzig,26,2,0,3,64,€147.7M,?,Y,2014,2014-11-14
7209,Pedri,Spain,MF,,35,5,1,2,400,€117.8M,199 cm,TRUE,2018,"Nov 14, 2018"
7172,Sofyan Amrabat,Morocco,Midfielder,Manchester United,32,,4,1,288,€36.1M,"1,65",Yes,2018,2018-10-13
7185,Ruben Dias, Portugal,DF ,Manchester City,38,2,0,1,62,€55.0M,168,Yes,2014,2014-12-26
7311,Thibaut Courtois,BELGIUM,Goalkeeper,Real Madrid,24,4,0,0,268,€53.8M,1.90 m,yes ,2022,07/10/2022
7168,Thomas Muller, Germany,FW ,Bayern Munich,31,2,3,1,134,€178.6M,"1,90",Yes,2014,2014-10-15
7013,Marcelo Brozovic ,Croatia,MF,Al Nassr,19,7,3,2,,Unknown,1.88 m,No,2018,2018-10-10
7074,Erling Haaland,Norway,FW,Manchester City,37,3,0,2,165,€60.1M,174,Yes,2022,bad_date
7145,Hakim Ziyech,Morocco,mf,Galatasaray,18,1,1,,68,€115.1M,196,No,2022,N/A
7219,Manuel Neuer, Germany,GK,Bayern Munich,31,4,0,0,116,€166.2M,173,Yes,2018,"Nov 28, 2018"
7037,Alvaro Morata,Spain,fw,Atletico Madrid,29,3,3,2,114,Unknown,194 cm,Yes,2014,2014-10-15
7213,Frenkie de Jong,NETHERLANDS,midfielder,Barcelona,26,1,?,2,41,Unknown,1.66 m,Yes,2022,2022-11-02
7191,Ruben Dias, Portugal,DF,Manchester City,35,7,2,0,406,€97.8M,1.97 m,yes ,2018,2018-10-15
7414,Neymar,brazil,fw,Al Hilal,38,4,3,2,208,€11.0M,1.69 m,No,2018,"Nov 20, 2018"
7167,Mateo Kovacic, Croatia,MF ,Manchester City,36,3,3,0,156,€154.7M,198,Yes,2018,2018-11-14
7105,Son Heung-min,korea republic,Forward,Tottenham,20,7,3,0,574,-,194,No,2014,2014-10-14
7377,Joshua Kimmich,GERMANY ,mf,Bayern Munich,31,6,0,,342,€10.6M,"1,94",Y,2014,2014-12-18
7334,Alisson,Brazil,GK ,Liverpool,30,4,0,0,320,€60.4M,185,Y,2014,"Nov 26, 2014"
7262,Emiliano Martinez,Argentina,Goalkeeper,Aston Villa,34,6,1,0,162,€14.0M,184 cm,N,2022,2022-10-21
7058,Lautaro Martinez ,Argentina,FW,Inter Milan,29,5,4,6,185,Unknown,178 cm,FALSE,2018,N/A
7393,Ivan Perisic,Croatia ,FW ,Hajduk Split,31,7,3,0,245,Unknown,165,Y,2014,"Nov 24, 2014"
7352,Harry Kane ,England,Forward,Bayern Munich,21,7,3,3,553,€22.5M,186,No,2022,2022-12-06
7040,Federico Valverde,Uruguay,MF ,Real Madrid,23,3,1,4,210,Unknown,199,Y,2022,22/11/2022
7056,Aurelien Tchouameni,France,MF ,Real Madrid,37,7,2,1,413,€24.2M,1.93 m,Yes,2014,17/12/2014
7180,Rodrigo De Paul,Argentina ,mf,Atletico Madrid,28,3,3,0,225,€64.8M,179 cm,TRUE,2022,2022-11-09
7121,Dani Olmo,Spain,MF,RB Leipzig,29,1,3,1,48,€99.8M,173,No,2022,"Nov 28, 2022"
7308,Rodri,Spain ,MF,Manchester City,31,3,1,2,186,€20.6M,169,FALSE,2022,2022-11-15
7023,Ivan Perisic,Croatia,FW,Hajduk Split,36,1,5,1,59,€105.0M,180,Yes,2022,"Nov 20, 2022"
7277,Bruno Fernandes,Portugal,MF,Manchester United,30,,0,2,192,€171.7M,198,TRUE,2018,2018-11-10
7181,Hugo Lloris,France ,GK,LAFC,18,1,0,0,49,€82.6M,180,Yes,2018,2018-11-08
7391,Olivier Giroud,France,FW,LAFC,18,1,3,2,55,Unknown,"1,91",N,2018,2018-11-07
7132,Ousmane Dembele,France,FW ,Paris Saint-Germain,24,7,4,1,,€61.6M,187,Yes,2014,23/10/2014
7368,Gavi,Spain,MF,Barcelona,33,4,1,0,196,€110.6M,"1,79",No,2018,2018-10-28
7032,Phil Foden,England,MF,Manchester City,,4,2,2,344,€10.3M,?,TRUE,2022,"Nov 16, 2022"
7365,Bruno Fernandes,portugal,midfielder,Manchester United,36,,4,,132,Unknown,192,Y,2014,08/12/2014
7284,Marcelo Brozovic,Croatia,Midfielder,Al Nassr,31,7,3,1,196,€87.2M,?,Y,2014,25/12/2014
7022,Lautaro Martinez,Argentina,FW,Inter Milan,28,,4,3,256,€7.2M,180,No,2018,08/10/2018
7163,Son Heung-min, Korea Republic,FW,Tottenham,23,5,2,2,100,€13.5M,182,No,2022,2022-12-23
7379,Memphis Depay,netherlands,fw,Atletico Madrid,19,2,4,2,146,-,192,Yes,2018,2018-11-14
7372,Ngolo Kante,France,MF,Al Ittihad,37,5,3,0,145,€10.3M,199,No,2022,25/11/2022
7260,Emiliano Martinez,ARGENTINA,Goalkeeper,Aston Villa,36,4,1,0,164,€45.4M,169 cm,FALSE,2022,2022-11-02
7351,Lionel Messi,Argentina,FW,Inter Miami,35,4,3,1,348,€22.8M,168,N,2022,2022-10-11
7095,Mateo Kovacic,Croatia ,MF ,Manchester City,30,2,3,1,178,€63.2M,178,Yes,2018,"Nov 3, 2018"
7412,Neymar,Brazil,FW,Al Hilal,26,5,6,3,225,€6.5M,175,FALSE,2014,"Nov 7, 2014"
7360,Cristiano Ronaldo , Portugal,forward,Al Nassr,30,7,2,2,,€61.1M,198,No,2022,2022-11-18
7059,Federico Valverde,Uruguay,mf,Real Madrid,27,1,2,2,38,€102.3M,1.70 m,Y,2018,2018-12-18
7120,Ngolo Kante ,France,midfielder,Al Ittihad,37,3,2,4,162,€14.3M,189,No,2014,2014-12-11
7026,Hakim Ziyech ,morocco,MF,Galatasaray,33,6,0,0,540,€69.2M,177,FALSE,2014,N/A
7336,Achraf Hakimi,MOROCCO,DF,Paris Saint-Germain,32,2,2,,122,€73.6M,"1,72",FALSE,2018,16/10/2018
7317,Bernardo Silva ,portugal,MF,Manchester City,39,3,0,1,207,€24.0M,195,yes ,2014,N/A
7076,Jamal Musiala,GERMANY,MF,Bayern Munich,33,4,0,0,,€23.2M,"1,90",No,2022,
7090,Casemiro,Brazil,MF,Manchester United,31,7,1,1,203,Unknown,185,No,2018,25/12/2018
7323,Joao Felix ,portugal,FW ,Barcelona,29,1,3,,72,€8.9M,175,No,2014,21/12/2014
7117,Wataru Endo,JAPAN,MF ,Liverpool,28,2,3,3,180,€7.7M,168 cm,No,2014,2014-11-12
7066,Mateo Kovacic, Croatia,MF,Manchester City,31,4,2,1,144,€12.0M,184,Y,2022,bad_date
7254,Ngolo Kante,FRANCE,mf,Al Ittihad,31,4,2,2,,€94.0M,193,N,2018,2018-11-07
7370,Lautaro Martinez,ARGENTINA,fw,Inter Milan,,1,2,1,80,€72.4M,186,Yes,2022,10/10/2022
7377,Joshua Kimmich,Germany,MF,Bayern Munich,31,6,0,,342,€10.6M,"1,94",Y,2014,2014-12-18
7133,Phil Foden,England,MF,Manchester City,19,,3,3,84,€12.9M,"1,84",Yes,2014,2014-11-28
7093,Memphis Depay,Netherlands,FW,Atletico Madrid,,5,3,1,255,€15.2M,1.82 m,No,2018,2018-11-14
7390,Richarlison, Brazil,FW,Tottenham,31,4,4,3,348,€22.1M,176,No,2022,2022-11-12
7033,Thiago Silva , Brazil,DF ,Fluminense,37,6,1,0,342,€39.1M,174,yes ,2014,2014-10-28
7161,Son Heung-min,South Korea,fw,Tottenham,36,7,4,2,588,€120.3M,"1,75",No,2018,2018-10-19
7283,Frenkie de Jong,Netherlands,Midfielder,Barcelona,25,5,0,0,330,€161.3M,"1,70",No,2014,2014-10-20
7313,Frenkie de Jong,Netherlands ,mf,Barcelona,38,3,5,3,186,€96.3M,"1,77",No,2014,N/A
7142,Alisson ,Brazil,GK,Liverpool,25,6,0,0,150,€29.7M,?,Yes,2018,"Nov 3, 2018"
7041,Son Heung-min ,South Korea ,FW,Tottenham,38,7,4,1,504,-,180 cm,No,2018,2018-11-22
7297,Romelu Lukaku, Belgium,FW ,Roma,26,1,5,2,36,€70.1M,174,No,2018,"Nov 18, 2018"
7030,Kim Min-jae,SOUTH KOREA,df,Bayern Munich,24,7,0,1,406,€86.0M,167 cm,Y,2022,01/10/2022
7210,Nicolas Otamendi,Argentina,DF,Benfica,36,3,0,0,,€161.1M,1.76 m,Yes,2022,11/12/2022
7112,Federico Valverde ,Uruguay,mf,Real Madrid,36,3,0,0,255,€2.1M,?,No,2014,bad_date
7285,Jordan Pickford,England,GK,Everton,34,7,-,0,175,€13.7M,"1,75",TRUE,2014,16/12/2014
7327,Harry Kane,england,FW,Bayern Munich,37,2,4,3,168,Unknown,189,No,2018,10/12/2018
7246,Marquinhos ,Brazil,Defender,Paris Saint-Germain,24,4,0,,236,€70.5M,191 cm,Yes,2022,2022-12-14
7184,Manuel Neuer,germany,GK,Bayern Munich,25,1,0,2,61,€149.4M,1.81 m,Yes,2014,2014-10-28
7019,Luka Modric,Croatia ,midfielder,Real Madrid,25,5,2,1,370,€167.7M,193,No,2014,"Nov 9, 2014"
7239,Sofyan Amrabat,morocco,MF,Manchester United,18,,3,1,310,€150.3M,1.99 m,No,2022,"Nov 3, 2022"
7005,Takefusa Kubo,Japan,FW,Real Sociedad,26,5,?,1,,€18.6M,171 cm,Yes,2018,"Nov 17, 2018"
7226,Cody Gakpo ,Netherlands,FW,Liverpool,27,2,3,2,72,€10.6M,176,TRUE,2018,03/12/2018
7009,Harry Kane,England,Forward,Bayern Munich,35,2,2,2,62,€79.4M,190 cm,No,2014,2014-11-09
7237,Wataru Endo,japan,Midfielder,Liverpool,38,7,5,1,147,€71.5M,179 cm,yes ,2014,N/A
7228,Erling Haaland, Norway,FW,Manchester City,26,4,4,2,248,€60.2M,190 cm,No,2014,2014-10-13
7092,Cody Gakpo, Netherlands,FW,Liverpool,29,2,2,1,78,€19.0M,193,Yes,2018,2018-10-06
7136,Ngolo Kante,france,MF,Al Ittihad,33,1,2,2,62,€10.5M,1.69 m,No,2018,2018-12-13
7165,Emiliano Martinez,Argentina ,Goalkeeper,Aston Villa,39,6,1,0,510,€70.7M,169,N,2022,2022-10-07
7339,Rodrigo De Paul,Argentina ,MF,Atletico Madrid,27,3,0,,117,€21.0M,?,No,2022,"Nov 24, 2022"
7292,Thibaut Courtois,Belgium,gk,Real Madrid,24,1,0,0,35,Unknown,174,yes ,2022,2022-11-10
7158,Hakim Ziyech,morocco,MF,Galatasaray,19,1,4,2,40,€6.2M,168 cm,FALSE,2014,2014-12-03
7064,Leroy Sane, Germany,forward,Bayern Munich,26,6,4,2,492,€6.6M,?,Yes,2018,
7007,Ivan Perisic,Croatia,FW,Hajduk Split,26,2,1,1,154,€100.6M,179,Yes,2022,2022-10-02
7312,Bruno Fernandes,Portugal,Midfielder,Manchester United,25,7,0,2,175,€63.5M,188 cm,Y,2018,2018-10-06
7396,Ruben Dias,Portugal,DF,Manchester City,24,6,0,1,504,€29.1M,197,N,2014,2014-11-14
7335,Alvaro Morata , Spain,FW,Atletico Madrid,25,4,2,1,228,€164.4M,197,TRUE,2022,"Nov 10, 2022"
7401,Thomas Muller,Germany,FW,Bayern Munich,29,1,3,3,72,Unknown,192,No,2018,2018-11-21
7129,Gavi,Spain ,MF,,20,7,3,2,273,€5.4M,"1,71",FALSE,2022,"Nov 14, 2022"
7338,Sofyan Amrabat,morocco,Midfielder,Manchester United,27,1,3,2,70,€79.7M,"1,96",No,2022,05/12/2022
7138,Marquinhos,BRAZIL,df,Paris Saint-Germain,,5,0,0,100,€37.4M,171,yes ,2014,2014-10-27
7186,Richarlison,Brazil,FW,,25,4,3,3,,€59.1M,1.76 m,Y,2014,09/12/2014
7372,Ngolo Kante,France,MF,Al Ittihad,37,5,3,0,145,€10.3M,199,No,2022,25/11/2022
7316,Hugo Lloris, France,GK,LAFC,38,5,1,0,290,€4.1M,196,No,2018,2018-11-10
7020,Jeremy Doku,belgium,forward,Manchester City,25,6,3,2,432,€52.6M,166 cm,yes ,2018,2018-10-12
7203,Theo Hernandez,France,df,AC Milan,37,3,3,0,210,€81.5M,177 cm,No,2018,2018-12-21
7293,Ruben Dias ,Portugal ,DF ,Manchester City,33,7,3,1,252,€55.3M,174 cm,Y,2014,2014-12-22
7173,Unai Simon,Spain,GK,Athletic Bilbao,23,5,0,0,230,€78.4M,171,No,2014,22/11/2014
7152,Angel Di Maria,Argentina,FW,Benfica,24,3,1,0,132,€8.8M,197,No,2022,2022-12-09
7278,Hugo Lloris ,FRANCE,gk,LAFC,27,6,1,0,312,-,194,No,2014,"Nov 2, 2014"
7395,Olivier Giroud,France ,Forward,LAFC,31,7,2,0,210,€89.1M,"1,78",No,2022,bad_date
7128,Ivan Perisic ,Croatia ,forward,Hajduk Split,33,2,3,3,82,Unknown,192,Yes,2022,2022-12-09
7044,Rafael Leao,Portugal,Forward,AC Milan,18,3,4,2,75,€83.6M,166,TRUE,2022,"Nov 14, 2022"
7141,Phil Foden,England,Midfielder,Manchester City,21,7,0,2,567,€9.6M,196,No,2014,03/12/2014
7350,Gavi,SPAIN,MF ,Barcelona,20,,3,2,222,€179.8M,190,No,2014,"Nov 24, 2014"
7410,Declan Rice,England ,midfielder,Arsenal,29,2,0,1,74,Unknown,195,TRUE,2014,06/12/2014
7144,Kylian Mbappe,FRANCE,FW,Real Madrid,21,4,5,1,252,€68.2M,1.80 m,Yes,2018,13/10/2018
7008,Rodri,Spain,midfielder,Manchester City,25,5,1,3,325,€147.5M,171,Y,2014,"Nov 4, 2014"
7068,Kevin De Bruyne, Belgium,Midfielder,Manchester City,27,5,1,1,190,€70.3M,"1,73",FALSE,2022,11/10/2022
7122,Alvaro Morata,Spain,FW,Atletico Madrid,22,1,0,0,37,€112.4M,185,FALSE,2014,20/11/2014
7382,Jamal Musiala,Germany,Midfielder,Bayern Munich,29,3,2,0,225,€16.6M,171,No,2018,14/10/2018
7240,Weston McKennie ,United States,Midfielder,Juventus,19,6,0,1,372,€117.4M,"1,78",No,2018,2018-11-17
7196,Rodri,Spain,MF,Manchester City,35,6,2,3,312,€154.7M,"1,94",No,2014,2014-12-09
7084,Ousmane Dembele, France,forward,Paris Saint-Germain,31,6,3,1,300,€41.1M,?,FALSE,2022,2022-11-08
7134,Ferran Torres,SPAIN,forward,Barcelona,24,3,1,2,174,€53.7M,182,Yes,2018,2018-10-17
7266,Lautaro Martinez, Argentina,FW,Inter Milan,39,7,4,3,490,€23.3M,175 cm,Yes,2022,2022-12-14
7394,Memphis Depay,Netherlands,FW,Atletico Madrid,20,2,5,4,58,€68.2M,?,yes ,2014,2014-10-11
7291,Virgil van Dijk, Netherlands,defender,Liverpool,20,1,4,2,74,€173.7M,175,No,2018,2018-11-05
7369,Emiliano Martinez,Argentina,GK,Aston Villa,33,5,-,0,365,-,174,No,2018,14/11/2018